{
  "trained_at": "2025-11-12T13:55:25.194717Z",
  "feature_means": [
    5.841666666666668,
    3.0483333333333342,
    3.769999999999999,
    1.2049999999999987
  ],
  "feature_stds": [
    0.837415003978845,
    0.44665111913239636,
    1.7611359970201048,
    0.7594789880788891
  ],
  "metrics": {
    "accuracy": 0.9666666666666667,
    "f1_macro": 0.9665831244778612
  }
}